-- phpMyAdmin SQL Dump
-- version 4.8.4
-- https://www.phpmyadmin.net/
--
-- Host: localhost
-- Waktu pembuatan: 01 Jul 2019 pada 04.52
-- Versi server: 10.1.37-MariaDB
-- Versi PHP: 5.6.40

SET SQL_MODE = "NO_AUTO_VALUE_ON_ZERO";
SET AUTOCOMMIT = 0;
START TRANSACTION;
SET time_zone = "+00:00";


/*!40101 SET @OLD_CHARACTER_SET_CLIENT=@@CHARACTER_SET_CLIENT */;
/*!40101 SET @OLD_CHARACTER_SET_RESULTS=@@CHARACTER_SET_RESULTS */;
/*!40101 SET @OLD_COLLATION_CONNECTION=@@COLLATION_CONNECTION */;
/*!40101 SET NAMES utf8mb4 */;

--
-- Database: `db_pdo`
--

-- --------------------------------------------------------

--
-- Struktur dari tabel `absen_leader`
--

CREATE TABLE `absen_leader` (
  `id` int(11) NOT NULL,
  `id_pdo` int(11) NOT NULL,
  `item` varchar(250) NOT NULL,
  `qty` int(11) NOT NULL,
  `jam` double NOT NULL,
  `total` int(11) NOT NULL
) ENGINE=InnoDB DEFAULT CHARSET=latin1;

--
-- Dumping data untuk tabel `absen_leader`
--

INSERT INTO `absen_leader` (`id`, `id_pdo`, `item`, `qty`, `jam`, `total`) VALUES
(1, 17, 'qwe', 1, 2, 3),
(4, 17, 'rt', 8, 9, 72);

-- --------------------------------------------------------

--
-- Struktur dari tabel `absen_pegawai`
--

CREATE TABLE `absen_pegawai` (
  `id` int(11) NOT NULL,
  `id_pdo` int(11) NOT NULL,
  `item` varchar(200) NOT NULL,
  `qty` int(11) NOT NULL,
  `jam` double NOT NULL,
  `total` int(11) NOT NULL
) ENGINE=InnoDB DEFAULT CHARSET=latin1;

--
-- Dumping data untuk tabel `absen_pegawai`
--

INSERT INTO `absen_pegawai` (`id`, `id_pdo`, `item`, `qty`, `jam`, `total`) VALUES
(1, 17, 'qwe', 5, 3, 15);

-- --------------------------------------------------------

--
-- Struktur dari tabel `assembly`
--

CREATE TABLE `assembly` (
  `id` int(11) NOT NULL,
  `kode_assy` varchar(50) NOT NULL,
  `umh` float NOT NULL
) ENGINE=InnoDB DEFAULT CHARSET=latin1;

--
-- Dumping data untuk tabel `assembly`
--

INSERT INTO `assembly` (`id`, `kode_assy`, `umh`) VALUES
(6, '58860', 3.1746),
(7, '58880', 2.9967),
(9, '58A30', 3.0555),
(11, '58A20', 2.915),
(14, '58890', 3.1325),
(15, 'asd', 123);

-- --------------------------------------------------------

--
-- Struktur dari tabel `build_assy`
--

CREATE TABLE `build_assy` (
  `id` int(11) NOT NULL,
  `id_outputcontrol` int(11) NOT NULL,
  `id_pdo` int(11) NOT NULL,
  `id_assy` int(11) NOT NULL,
  `actual` int(11) NOT NULL,
  `time` datetime NOT NULL
) ENGINE=InnoDB DEFAULT CHARSET=latin1;

--
-- Dumping data untuk tabel `build_assy`
--

INSERT INTO `build_assy` (`id`, `id_outputcontrol`, `id_pdo`, `id_assy`, `actual`, `time`) VALUES
(76, 39, 11, 7, 129, '2019-06-25 08:12:29'),
(77, 40, 11, 6, 102, '2019-06-25 08:12:47'),
(78, 41, 12, 6, 34, '2019-06-26 20:11:56'),
(79, 42, 12, 7, 16, '2019-06-26 20:12:17'),
(84, 45, 17, 6, 4, '2019-06-27 10:49:20'),
(86, 45, 17, 9, 10, '2019-06-27 12:46:26'),
(87, 46, 17, 6, 20, '2019-06-27 12:47:08'),
(89, 46, 17, 9, 0, '2019-06-27 12:47:16'),
(98, 50, 19, 11, 57, '2019-06-28 12:54:06'),
(99, 51, 19, 14, 47, '2019-06-28 12:58:01'),
(100, 52, 19, 14, 35, '2019-06-28 12:59:34'),
(101, 53, 19, 14, 47, '2019-06-28 13:00:02'),
(102, 54, 19, 9, 26, '2019-06-28 13:02:08'),
(103, 55, 20, 14, 40, '2019-07-01 08:28:53'),
(104, 55, 20, 11, 8, '2019-07-01 09:34:05');

--
-- Trigger `build_assy`
--
DELIMITER $$
CREATE TRIGGER `updt_act` AFTER UPDATE ON `build_assy` FOR EACH ROW BEGIN
	UPDATE output_control SET actual=(SELECT sum(actual) FROM build_assy WHERE id_outputcontrol=NEW.id_outputcontrol)
    WHERE id=NEW.id_outputcontrol;
END
$$
DELIMITER ;

-- --------------------------------------------------------

--
-- Struktur dari tabel `direct_labor`
--

CREATE TABLE `direct_labor` (
  `id` int(11) NOT NULL,
  `id_pdo` int(11) NOT NULL,
  `std_dl` int(11) NOT NULL,
  `reg_dl` int(11) NOT NULL,
  `jam_reg` int(11) NOT NULL,
  `jam_ot` int(11) NOT NULL,
  `dl_ot` int(11) NOT NULL,
  `mh_reg` int(11) NOT NULL,
  `mh_ot` int(11) NOT NULL,
  `total` int(11) NOT NULL
) ENGINE=InnoDB DEFAULT CHARSET=latin1;

--
-- Dumping data untuk tabel `direct_labor`
--

INSERT INTO `direct_labor` (`id`, `id_pdo`, `std_dl`, `reg_dl`, `jam_reg`, `jam_ot`, `dl_ot`, `mh_reg`, `mh_ot`, `total`) VALUES
(11, 11, 32, 32, 8, 2, 32, 256, 64, 320),
(12, 12, 58, 57, 8, 2, 57, 456, 114, 570),
(17, 17, 34, 34, 8, 2, 34, 272, 68, 340),
(19, 19, 59, 59, 8, 2, 59, 472, 118, 590),
(20, 20, 48, 48, 8, 0, 0, 384, 0, 384);

-- --------------------------------------------------------

--
-- Struktur dari tabel `indirect_activity`
--

CREATE TABLE `indirect_activity` (
  `id` int(11) NOT NULL,
  `id_pdo` int(11) NOT NULL,
  `item` varchar(250) NOT NULL,
  `qty_mp` int(11) NOT NULL,
  `menit` int(11) NOT NULL,
  `total` float NOT NULL
) ENGINE=InnoDB DEFAULT CHARSET=latin1;

--
-- Dumping data untuk tabel `indirect_activity`
--

INSERT INTO `indirect_activity` (`id`, `id_pdo`, `item`, `qty_mp`, `menit`, `total`) VALUES
(21, 17, '5S + Yoidon', 34, 4, 2.26667),
(22, 17, 'Home Position', 34, 2, 1.13333),
(25, 19, '5S + Yoidon', 59, 4, 3.93333),
(26, 19, 'Home Position', 59, 3, 2.95),
(27, 20, '5S + Yoidon', 48, 7, 5.6),
(28, 20, 'Home Position', 48, 2, 1.6);

-- --------------------------------------------------------

--
-- Struktur dari tabel `indirect_labor`
--

CREATE TABLE `indirect_labor` (
  `id` int(11) NOT NULL,
  `id_pdo` int(11) NOT NULL,
  `std_idl` int(11) NOT NULL,
  `reg_idl` int(11) NOT NULL,
  `jam_reg` int(11) NOT NULL,
  `jam_ot` int(11) NOT NULL,
  `dl_ot` int(11) NOT NULL,
  `mh_reg` int(11) NOT NULL,
  `mh_ot` int(11) NOT NULL,
  `total` int(11) NOT NULL
) ENGINE=InnoDB DEFAULT CHARSET=latin1;

--
-- Dumping data untuk tabel `indirect_labor`
--

INSERT INTO `indirect_labor` (`id`, `id_pdo`, `std_idl`, `reg_idl`, `jam_reg`, `jam_ot`, `dl_ot`, `mh_reg`, `mh_ot`, `total`) VALUES
(11, 11, 2, 2, 8, 2, 2, 16, 4, 20),
(12, 12, 3, 3, 8, 2, 3, 24, 6, 30),
(17, 17, 3, 3, 8, 2, 3, 24, 6, 30),
(19, 19, 3, 3, 8, 2, 4, 24, 8, 32),
(20, 20, 2, 2, 8, 0, 0, 16, 0, 16);

-- --------------------------------------------------------

--
-- Struktur dari tabel `jenis_deffect`
--

CREATE TABLE `jenis_deffect` (
  `id` int(11) NOT NULL,
  `code` varchar(50) NOT NULL,
  `keterangan` varchar(250) NOT NULL
) ENGINE=InnoDB DEFAULT CHARSET=latin1;

--
-- Dumping data untuk tabel `jenis_deffect`
--

INSERT INTO `jenis_deffect` (`id`, `code`, `keterangan`) VALUES
(3, 'CROSS CCT', 'CROSS CIRCUIT'),
(7, 'MISS PARTS', 'MISSING PARTS'),
(8, 'DMG PARTS', 'DAMAGED PARTS'),
(9, 'OTHERS ', 'LAIN-LAIN');

-- --------------------------------------------------------

--
-- Struktur dari tabel `jenis_error`
--

CREATE TABLE `jenis_error` (
  `id` int(11) NOT NULL,
  `kode` varchar(50) NOT NULL,
  `keterangan` varchar(250) NOT NULL
) ENGINE=InnoDB DEFAULT CHARSET=latin1;

--
-- Dumping data untuk tabel `jenis_error`
--

INSERT INTO `jenis_error` (`id`, `kode`, `keterangan`) VALUES
(2, '1A', '4M (MANPOWER BARU)'),
(3, '1B', '4M (PENGGANTI MP ABSEN)'),
(4, '1C', 'BELUM CUTTING / OP RUMP UP (<3 BULAN)'),
(5, '1D', 'BELUM CUTTING  / OP RUMP UP (>3 BULAN)'),
(6, '1E', 'PROSES PENGERJAAN KANBAN TIDAK FIFO'),
(7, '1F', 'BELUM PROSES MANUAL TWIST'),
(8, '1G', 'BELUM PROSES MANUAL SHIELD'),
(9, '1H', 'BELUM PROSES MANUAL BONDER'),
(10, '1I', 'BELUM PROSES MANUAL RAYCAM'),
(11, '1J', 'BELUM PROSES MANUAL JOINT'),
(12, '1K', 'BELUM PROSES MANUAL CRIMPING');

-- --------------------------------------------------------

--
-- Struktur dari tabel `jenis_losttime`
--

CREATE TABLE `jenis_losttime` (
  `id` int(11) NOT NULL,
  `keterangan` varchar(250) NOT NULL
) ENGINE=InnoDB DEFAULT CHARSET=latin1;

--
-- Dumping data untuk tabel `jenis_losttime`
--

INSERT INTO `jenis_losttime` (`id`, `keterangan`) VALUES
(1, 'Losstime'),
(2, 'Exclude');

-- --------------------------------------------------------

--
-- Struktur dari tabel `jenis_regulasi`
--

CREATE TABLE `jenis_regulasi` (
  `id` int(11) NOT NULL,
  `keterangan` varchar(250) NOT NULL
) ENGINE=InnoDB DEFAULT CHARSET=latin1;

--
-- Dumping data untuk tabel `jenis_regulasi`
--

INSERT INTO `jenis_regulasi` (`id`, `keterangan`) VALUES
(1, 'IN'),
(2, 'OUT');

-- --------------------------------------------------------

--
-- Struktur dari tabel `line`
--

CREATE TABLE `line` (
  `id` int(11) NOT NULL,
  `nama_line` varchar(50) NOT NULL
) ENGINE=InnoDB DEFAULT CHARSET=latin1;

--
-- Dumping data untuk tabel `line`
--

INSERT INTO `line` (`id`, `nama_line`) VALUES
(1, '12A');

-- --------------------------------------------------------

--
-- Struktur dari tabel `lost_time`
--

CREATE TABLE `lost_time` (
  `id` int(11) NOT NULL,
  `id_pdo` int(11) NOT NULL,
  `id_error` int(11) NOT NULL,
  `id_oc` int(11) NOT NULL,
  `id_jenisloss` int(11) NOT NULL,
  `keterangan` varchar(250) NOT NULL,
  `durasi` double NOT NULL
) ENGINE=InnoDB DEFAULT CHARSET=latin1;

--
-- Dumping data untuk tabel `lost_time`
--

INSERT INTO `lost_time` (`id`, `id_pdo`, `id_error`, `id_oc`, `id_jenisloss`, `keterangan`, `durasi`) VALUES
(4, 11, 2, 39, 1, 'asd', 12),
(5, 11, 6, 40, 1, 'rr', 123),
(6, 19, 6, 50, 1, 'madas', 2),
(7, 19, 3, 50, 1, 'sdfd', 1.5),
(8, 19, 3, 51, 1, 'wenwn', 1.8),
(9, 19, 4, 53, 1, 'jhasjds', 1.7);

-- --------------------------------------------------------

--
-- Struktur dari tabel `main_pdo`
--

CREATE TABLE `main_pdo` (
  `id` int(11) NOT NULL,
  `id_shift` int(11) NOT NULL,
  `id_users` int(11) NOT NULL,
  `cv` varchar(50) NOT NULL,
  `tanggal` datetime NOT NULL,
  `mh_out` int(11) DEFAULT NULL,
  `mh_in_dl` int(11) DEFAULT NULL,
  `mh_in_idl` int(11) DEFAULT NULL,
  `direct_eff` int(11) DEFAULT NULL,
  `total_productiv` int(11) DEFAULT NULL,
  `jam_kerja` int(11) DEFAULT NULL,
  `line_speed` int(11) DEFAULT NULL,
  `loss_output` int(11) DEFAULT NULL,
  `p_loss_time` int(11) DEFAULT NULL,
  `jam_effective` int(11) DEFAULT NULL,
  `dpm_fa` int(11) DEFAULT NULL
) ENGINE=InnoDB DEFAULT CHARSET=latin1;

--
-- Dumping data untuk tabel `main_pdo`
--

INSERT INTO `main_pdo` (`id`, `id_shift`, `id_users`, `cv`, `tanggal`, `mh_out`, `mh_in_dl`, `mh_in_idl`, `direct_eff`, `total_productiv`, `jam_kerja`, `line_speed`, `loss_output`, `p_loss_time`, `jam_effective`, `dpm_fa`) VALUES
(11, 1, 3, '12A', '2019-06-25 08:12:17', NULL, NULL, NULL, NULL, NULL, NULL, 123, NULL, NULL, NULL, NULL),
(12, 1, 3, '12A', '2019-06-26 20:09:46', NULL, NULL, NULL, NULL, NULL, 10, 0, NULL, NULL, NULL, NULL),
(17, 1, 3, '12A', '2019-06-27 10:25:57', NULL, NULL, NULL, NULL, NULL, 10, 120, NULL, NULL, NULL, NULL),
(19, 1, 3, '12A', '2019-06-28 12:53:45', NULL, NULL, NULL, NULL, NULL, 10, 106, NULL, NULL, NULL, NULL),
(20, 1, 3, '12A', '2019-07-01 07:42:12', NULL, NULL, NULL, NULL, NULL, 8, 106, NULL, NULL, NULL, NULL);

-- --------------------------------------------------------

--
-- Struktur dari tabel `output_control`
--

CREATE TABLE `output_control` (
  `id` int(11) NOT NULL,
  `id_pdo` int(11) NOT NULL,
  `plan` int(11) NOT NULL,
  `actual` int(11) NOT NULL,
  `jam_ke` int(11) NOT NULL,
  `time` datetime NOT NULL
) ENGINE=InnoDB DEFAULT CHARSET=latin1;

--
-- Dumping data untuk tabel `output_control`
--

INSERT INTO `output_control` (`id`, `id_pdo`, `plan`, `actual`, `jam_ke`, `time`) VALUES
(39, 11, 222, 129, 1, '2019-06-25 08:12:24'),
(40, 11, 148, 102, 2, '2019-06-25 08:12:41'),
(41, 12, 67, 34, 1, '2019-06-26 20:11:52'),
(42, 12, 80, 16, 2, '2019-06-26 20:12:11'),
(45, 17, 20, 17, 1, '2019-06-27 10:49:10'),
(46, 17, 20, 24, 2, '2019-06-27 12:47:04'),
(50, 19, 59, 57, 1, '2019-06-28 12:54:01'),
(51, 19, 48, 47, 2, '2019-06-28 12:57:53'),
(52, 19, 34, 35, 3, '2019-06-28 12:59:25'),
(53, 19, 48, 47, 4, '2019-06-28 12:59:56'),
(54, 19, 32, 26, 5, '2019-06-28 13:02:02'),
(55, 20, 32, 48, 1, '2019-07-01 08:28:41');

-- --------------------------------------------------------

--
-- Struktur dari tabel `quality_control`
--

CREATE TABLE `quality_control` (
  `id` int(11) NOT NULL,
  `id_pdo` int(11) NOT NULL,
  `id_oc` int(11) NOT NULL,
  `id_jenisdeffect` int(11) NOT NULL,
  `keterangan` varchar(250) NOT NULL,
  `total` int(11) NOT NULL
) ENGINE=InnoDB DEFAULT CHARSET=latin1;

--
-- Dumping data untuk tabel `quality_control`
--

INSERT INTO `quality_control` (`id`, `id_pdo`, `id_oc`, `id_jenisdeffect`, `keterangan`, `total`) VALUES
(4, 11, 40, 7, 's', 54),
(6, 11, 40, 7, '3', 4);

-- --------------------------------------------------------

--
-- Struktur dari tabel `regulasi`
--

CREATE TABLE `regulasi` (
  `id` int(11) NOT NULL,
  `id_pdo` int(11) NOT NULL,
  `id_jenisreg` int(11) NOT NULL,
  `id_oc` int(11) NOT NULL,
  `posisi` varchar(250) NOT NULL,
  `qty` int(11) NOT NULL,
  `jam` double NOT NULL,
  `total` int(11) NOT NULL
) ENGINE=InnoDB DEFAULT CHARSET=latin1;

-- --------------------------------------------------------

--
-- Struktur dari tabel `shift`
--

CREATE TABLE `shift` (
  `id` int(11) NOT NULL,
  `keterangan` varchar(100) NOT NULL
) ENGINE=InnoDB DEFAULT CHARSET=latin1;

--
-- Dumping data untuk tabel `shift`
--

INSERT INTO `shift` (`id`, `keterangan`) VALUES
(1, 'A (Pagi)'),
(2, 'B (Malam)');

-- --------------------------------------------------------

--
-- Struktur dari tabel `target`
--

CREATE TABLE `target` (
  `id` int(11) NOT NULL,
  `id_line` int(11) NOT NULL,
  `mh_out` double NOT NULL,
  `mh_in` double NOT NULL,
  `efisiensi` double NOT NULL,
  `periode` date NOT NULL
) ENGINE=InnoDB DEFAULT CHARSET=latin1;

--
-- Dumping data untuk tabel `target`
--

INSERT INTO `target` (`id`, `id_line`, `mh_out`, `mh_in`, `efisiensi`, `periode`) VALUES
(1, 1, 0, 0, 0, '2019-06-03'),
(3, 1, 299, 822, 97.7, '2019-05-01'),
(4, 1, 3, 3, 98, '2019-06-25'),
(5, 1, 200, 300, 95, '2019-07-01');

-- --------------------------------------------------------

--
-- Struktur dari tabel `users`
--

CREATE TABLE `users` (
  `id` int(11) NOT NULL,
  `username` varchar(250) NOT NULL,
  `password` varchar(250) NOT NULL,
  `level` int(11) NOT NULL,
  `id_shift` int(11) NOT NULL,
  `id_line` int(11) NOT NULL,
  `active` int(11) NOT NULL
) ENGINE=InnoDB DEFAULT CHARSET=latin1;

--
-- Dumping data untuk tabel `users`
--

INSERT INTO `users` (`id`, `username`, `password`, `level`, `id_shift`, `id_line`, `active`) VALUES
(3, 'a1', 'a', 1, 1, 1, 0);

--
-- Indexes for dumped tables
--

--
-- Indeks untuk tabel `absen_leader`
--
ALTER TABLE `absen_leader`
  ADD PRIMARY KEY (`id`),
  ADD KEY `fk_idindirectlabor` (`id_pdo`);

--
-- Indeks untuk tabel `absen_pegawai`
--
ALTER TABLE `absen_pegawai`
  ADD PRIMARY KEY (`id`),
  ADD KEY `fk_absenpeg_directlabor` (`id_pdo`);

--
-- Indeks untuk tabel `assembly`
--
ALTER TABLE `assembly`
  ADD PRIMARY KEY (`id`);

--
-- Indeks untuk tabel `build_assy`
--
ALTER TABLE `build_assy`
  ADD PRIMARY KEY (`id`),
  ADD KEY `fk_idassy_tblassembly` (`id_assy`),
  ADD KEY `fk_idoc_tblOc` (`id_outputcontrol`),
  ADD KEY `fk_pdo_tblPDO` (`id_pdo`);

--
-- Indeks untuk tabel `direct_labor`
--
ALTER TABLE `direct_labor`
  ADD PRIMARY KEY (`id`),
  ADD KEY `fk_pdo` (`id_pdo`);

--
-- Indeks untuk tabel `indirect_activity`
--
ALTER TABLE `indirect_activity`
  ADD PRIMARY KEY (`id`),
  ADD KEY `fk_indirectactivity_directlabor` (`id_pdo`);

--
-- Indeks untuk tabel `indirect_labor`
--
ALTER TABLE `indirect_labor`
  ADD PRIMARY KEY (`id`),
  ADD KEY `fk_pdo_indirect` (`id_pdo`);

--
-- Indeks untuk tabel `jenis_deffect`
--
ALTER TABLE `jenis_deffect`
  ADD PRIMARY KEY (`id`);

--
-- Indeks untuk tabel `jenis_error`
--
ALTER TABLE `jenis_error`
  ADD PRIMARY KEY (`id`);

--
-- Indeks untuk tabel `jenis_losttime`
--
ALTER TABLE `jenis_losttime`
  ADD PRIMARY KEY (`id`);

--
-- Indeks untuk tabel `jenis_regulasi`
--
ALTER TABLE `jenis_regulasi`
  ADD PRIMARY KEY (`id`);

--
-- Indeks untuk tabel `line`
--
ALTER TABLE `line`
  ADD PRIMARY KEY (`id`);

--
-- Indeks untuk tabel `lost_time`
--
ALTER TABLE `lost_time`
  ADD PRIMARY KEY (`id`),
  ADD KEY `fk_idjenisloss_tbljenislosstime` (`id_jenisloss`),
  ADD KEY `fk_idpdo_mainpdo` (`id_pdo`),
  ADD KEY `fk_idjeniserror_tbljeniserror` (`id_error`),
  ADD KEY `id_oc` (`id_oc`);

--
-- Indeks untuk tabel `main_pdo`
--
ALTER TABLE `main_pdo`
  ADD PRIMARY KEY (`id`),
  ADD KEY `fk_shift_tbl_shift` (`id_shift`),
  ADD KEY `fk_users` (`id_users`);

--
-- Indeks untuk tabel `output_control`
--
ALTER TABLE `output_control`
  ADD PRIMARY KEY (`id`),
  ADD KEY `fk_idpdo_tblmainpdo` (`id_pdo`);

--
-- Indeks untuk tabel `quality_control`
--
ALTER TABLE `quality_control`
  ADD PRIMARY KEY (`id`),
  ADD KEY `fk_jenisdeffect` (`id_jenisdeffect`),
  ADD KEY `fk_idpdo` (`id_pdo`),
  ADD KEY `fk_oc_outputcontrol` (`id_oc`);

--
-- Indeks untuk tabel `regulasi`
--
ALTER TABLE `regulasi`
  ADD PRIMARY KEY (`id`),
  ADD KEY `fk_regulasijenis_jenis` (`id_jenisreg`),
  ADD KEY `fk_iddirectlabor_labor` (`id_pdo`),
  ADD KEY `id_oc` (`id_oc`);

--
-- Indeks untuk tabel `shift`
--
ALTER TABLE `shift`
  ADD PRIMARY KEY (`id`);

--
-- Indeks untuk tabel `target`
--
ALTER TABLE `target`
  ADD PRIMARY KEY (`id`),
  ADD KEY `fk_line_tbl_line` (`id_line`);

--
-- Indeks untuk tabel `users`
--
ALTER TABLE `users`
  ADD PRIMARY KEY (`id`),
  ADD KEY `fk_shift_tblshift` (`id_shift`),
  ADD KEY `fk_line_tblline` (`id_line`);

--
-- AUTO_INCREMENT untuk tabel yang dibuang
--

--
-- AUTO_INCREMENT untuk tabel `absen_leader`
--
ALTER TABLE `absen_leader`
  MODIFY `id` int(11) NOT NULL AUTO_INCREMENT, AUTO_INCREMENT=5;

--
-- AUTO_INCREMENT untuk tabel `absen_pegawai`
--
ALTER TABLE `absen_pegawai`
  MODIFY `id` int(11) NOT NULL AUTO_INCREMENT, AUTO_INCREMENT=2;

--
-- AUTO_INCREMENT untuk tabel `assembly`
--
ALTER TABLE `assembly`
  MODIFY `id` int(11) NOT NULL AUTO_INCREMENT, AUTO_INCREMENT=16;

--
-- AUTO_INCREMENT untuk tabel `build_assy`
--
ALTER TABLE `build_assy`
  MODIFY `id` int(11) NOT NULL AUTO_INCREMENT, AUTO_INCREMENT=105;

--
-- AUTO_INCREMENT untuk tabel `direct_labor`
--
ALTER TABLE `direct_labor`
  MODIFY `id` int(11) NOT NULL AUTO_INCREMENT, AUTO_INCREMENT=21;

--
-- AUTO_INCREMENT untuk tabel `indirect_activity`
--
ALTER TABLE `indirect_activity`
  MODIFY `id` int(11) NOT NULL AUTO_INCREMENT, AUTO_INCREMENT=29;

--
-- AUTO_INCREMENT untuk tabel `indirect_labor`
--
ALTER TABLE `indirect_labor`
  MODIFY `id` int(11) NOT NULL AUTO_INCREMENT, AUTO_INCREMENT=21;

--
-- AUTO_INCREMENT untuk tabel `jenis_deffect`
--
ALTER TABLE `jenis_deffect`
  MODIFY `id` int(11) NOT NULL AUTO_INCREMENT, AUTO_INCREMENT=10;

--
-- AUTO_INCREMENT untuk tabel `jenis_error`
--
ALTER TABLE `jenis_error`
  MODIFY `id` int(11) NOT NULL AUTO_INCREMENT, AUTO_INCREMENT=13;

--
-- AUTO_INCREMENT untuk tabel `jenis_losttime`
--
ALTER TABLE `jenis_losttime`
  MODIFY `id` int(11) NOT NULL AUTO_INCREMENT, AUTO_INCREMENT=3;

--
-- AUTO_INCREMENT untuk tabel `jenis_regulasi`
--
ALTER TABLE `jenis_regulasi`
  MODIFY `id` int(11) NOT NULL AUTO_INCREMENT, AUTO_INCREMENT=3;

--
-- AUTO_INCREMENT untuk tabel `line`
--
ALTER TABLE `line`
  MODIFY `id` int(11) NOT NULL AUTO_INCREMENT, AUTO_INCREMENT=2;

--
-- AUTO_INCREMENT untuk tabel `lost_time`
--
ALTER TABLE `lost_time`
  MODIFY `id` int(11) NOT NULL AUTO_INCREMENT, AUTO_INCREMENT=10;

--
-- AUTO_INCREMENT untuk tabel `main_pdo`
--
ALTER TABLE `main_pdo`
  MODIFY `id` int(11) NOT NULL AUTO_INCREMENT, AUTO_INCREMENT=21;

--
-- AUTO_INCREMENT untuk tabel `output_control`
--
ALTER TABLE `output_control`
  MODIFY `id` int(11) NOT NULL AUTO_INCREMENT, AUTO_INCREMENT=56;

--
-- AUTO_INCREMENT untuk tabel `quality_control`
--
ALTER TABLE `quality_control`
  MODIFY `id` int(11) NOT NULL AUTO_INCREMENT, AUTO_INCREMENT=7;

--
-- AUTO_INCREMENT untuk tabel `regulasi`
--
ALTER TABLE `regulasi`
  MODIFY `id` int(11) NOT NULL AUTO_INCREMENT;

--
-- AUTO_INCREMENT untuk tabel `shift`
--
ALTER TABLE `shift`
  MODIFY `id` int(11) NOT NULL AUTO_INCREMENT, AUTO_INCREMENT=3;

--
-- AUTO_INCREMENT untuk tabel `target`
--
ALTER TABLE `target`
  MODIFY `id` int(11) NOT NULL AUTO_INCREMENT, AUTO_INCREMENT=6;

--
-- AUTO_INCREMENT untuk tabel `users`
--
ALTER TABLE `users`
  MODIFY `id` int(11) NOT NULL AUTO_INCREMENT, AUTO_INCREMENT=4;

--
-- Ketidakleluasaan untuk tabel pelimpahan (Dumped Tables)
--

--
-- Ketidakleluasaan untuk tabel `absen_leader`
--
ALTER TABLE `absen_leader`
  ADD CONSTRAINT `fk_idindirectlabor` FOREIGN KEY (`id_pdo`) REFERENCES `main_pdo` (`id`) ON DELETE CASCADE ON UPDATE CASCADE;

--
-- Ketidakleluasaan untuk tabel `absen_pegawai`
--
ALTER TABLE `absen_pegawai`
  ADD CONSTRAINT `fk_absenpeg_directlabor` FOREIGN KEY (`id_pdo`) REFERENCES `main_pdo` (`id`) ON DELETE CASCADE ON UPDATE CASCADE;

--
-- Ketidakleluasaan untuk tabel `build_assy`
--
ALTER TABLE `build_assy`
  ADD CONSTRAINT `fk_idassy_tblassembly` FOREIGN KEY (`id_assy`) REFERENCES `assembly` (`id`) ON DELETE CASCADE ON UPDATE CASCADE,
  ADD CONSTRAINT `fk_idoc_tblOc` FOREIGN KEY (`id_outputcontrol`) REFERENCES `output_control` (`id`) ON DELETE CASCADE ON UPDATE CASCADE,
  ADD CONSTRAINT `fk_pdo_tblPDO` FOREIGN KEY (`id_pdo`) REFERENCES `main_pdo` (`id`) ON DELETE CASCADE ON UPDATE CASCADE;

--
-- Ketidakleluasaan untuk tabel `direct_labor`
--
ALTER TABLE `direct_labor`
  ADD CONSTRAINT `fk_pdo` FOREIGN KEY (`id_pdo`) REFERENCES `main_pdo` (`id`) ON DELETE CASCADE ON UPDATE CASCADE;

--
-- Ketidakleluasaan untuk tabel `indirect_activity`
--
ALTER TABLE `indirect_activity`
  ADD CONSTRAINT `fk_indirectactivity_directlabor` FOREIGN KEY (`id_pdo`) REFERENCES `main_pdo` (`id`) ON DELETE CASCADE ON UPDATE CASCADE;

--
-- Ketidakleluasaan untuk tabel `indirect_labor`
--
ALTER TABLE `indirect_labor`
  ADD CONSTRAINT `fk_pdo_indirect` FOREIGN KEY (`id_pdo`) REFERENCES `main_pdo` (`id`) ON DELETE CASCADE ON UPDATE CASCADE;

--
-- Ketidakleluasaan untuk tabel `lost_time`
--
ALTER TABLE `lost_time`
  ADD CONSTRAINT `fk_idjeniserror_tbljeniserror` FOREIGN KEY (`id_error`) REFERENCES `jenis_error` (`id`) ON DELETE CASCADE ON UPDATE CASCADE,
  ADD CONSTRAINT `fk_idjenisloss_tbljenislosstime` FOREIGN KEY (`id_jenisloss`) REFERENCES `jenis_losttime` (`id`) ON DELETE CASCADE ON UPDATE CASCADE,
  ADD CONSTRAINT `fk_idoc_tvloutputcontrol` FOREIGN KEY (`id_oc`) REFERENCES `output_control` (`id`) ON DELETE CASCADE ON UPDATE CASCADE,
  ADD CONSTRAINT `fk_idpdo_mainpdo` FOREIGN KEY (`id_pdo`) REFERENCES `main_pdo` (`id`) ON DELETE CASCADE ON UPDATE CASCADE;

--
-- Ketidakleluasaan untuk tabel `main_pdo`
--
ALTER TABLE `main_pdo`
  ADD CONSTRAINT `fk_shift_tbl_shift` FOREIGN KEY (`id_shift`) REFERENCES `shift` (`id`) ON DELETE CASCADE ON UPDATE CASCADE,
  ADD CONSTRAINT `fk_users` FOREIGN KEY (`id_users`) REFERENCES `users` (`id`) ON DELETE CASCADE ON UPDATE CASCADE;

--
-- Ketidakleluasaan untuk tabel `output_control`
--
ALTER TABLE `output_control`
  ADD CONSTRAINT `fk_idpdo_tblmainpdo` FOREIGN KEY (`id_pdo`) REFERENCES `main_pdo` (`id`) ON DELETE CASCADE ON UPDATE CASCADE;

--
-- Ketidakleluasaan untuk tabel `quality_control`
--
ALTER TABLE `quality_control`
  ADD CONSTRAINT `fk_idpdo` FOREIGN KEY (`id_pdo`) REFERENCES `main_pdo` (`id`) ON DELETE CASCADE ON UPDATE CASCADE,
  ADD CONSTRAINT `fk_jenisdeffect` FOREIGN KEY (`id_jenisdeffect`) REFERENCES `jenis_deffect` (`id`) ON DELETE CASCADE ON UPDATE CASCADE,
  ADD CONSTRAINT `fk_oc_outputcontrol` FOREIGN KEY (`id_oc`) REFERENCES `output_control` (`id`) ON DELETE CASCADE ON UPDATE CASCADE;

--
-- Ketidakleluasaan untuk tabel `regulasi`
--
ALTER TABLE `regulasi`
  ADD CONSTRAINT `fk_iddirectlabor_labor` FOREIGN KEY (`id_pdo`) REFERENCES `main_pdo` (`id`) ON DELETE CASCADE ON UPDATE CASCADE,
  ADD CONSTRAINT `fk_oc_outputcontrol_` FOREIGN KEY (`id_oc`) REFERENCES `output_control` (`id`) ON DELETE CASCADE ON UPDATE CASCADE,
  ADD CONSTRAINT `fk_regulasijenis_jenis` FOREIGN KEY (`id_jenisreg`) REFERENCES `jenis_regulasi` (`id`) ON DELETE CASCADE ON UPDATE CASCADE;

--
-- Ketidakleluasaan untuk tabel `target`
--
ALTER TABLE `target`
  ADD CONSTRAINT `fk_line_tbl_line` FOREIGN KEY (`id_line`) REFERENCES `line` (`id`) ON DELETE CASCADE ON UPDATE CASCADE;

--
-- Ketidakleluasaan untuk tabel `users`
--
ALTER TABLE `users`
  ADD CONSTRAINT `fk_line_tblline` FOREIGN KEY (`id_line`) REFERENCES `line` (`id`) ON DELETE CASCADE ON UPDATE CASCADE,
  ADD CONSTRAINT `fk_shift_tblshift` FOREIGN KEY (`id_shift`) REFERENCES `shift` (`id`) ON DELETE CASCADE ON UPDATE CASCADE;
COMMIT;

/*!40101 SET CHARACTER_SET_CLIENT=@OLD_CHARACTER_SET_CLIENT */;
/*!40101 SET CHARACTER_SET_RESULTS=@OLD_CHARACTER_SET_RESULTS */;
/*!40101 SET COLLATION_CONNECTION=@OLD_COLLATION_CONNECTION */;
